Essay_1	Essay_2	Order_1	Order_2
4355	3375	1_1	1_2
4581	5224	1_1	1_2
4483	3159	1_1	1_2
5334	3665	1_1	1_2
5074	4666	1_1	1_2
4602	5044	1_1	1_2
5119	5320	1_1	1_2
4812	3863	1_1	1_2
3573	4431	1_1	1_2
4710	5235	1_1	1_2
4846	5326	1_1	1_2
4993	4325	1_1	1_2
5027	5150	1_1	1_2
5183	5383	1_1	1_2
4880	4152	1_1	1_2
2295	4642	1_1	1_2
5238	5360	1_1	1_2
4478	5280	1_1	1_2
5002	4874	1_1	1_2
4792	5257	1_1	1_2
5032	5085	1_1	1_2
3715	5211	1_1	1_2
5103	5249	1_1	1_2
3685	5156	1_1	1_2
5120	5303	1_1	1_2
3236	4734	1_1	1_2
5047	4344	1_1	1_2
5232	2866	1_1	1_2
4854	4122	1_1	1_2
3307	3532	1_1	1_2
3563	4372	1_1	1_2
5406	3071	1_1	1_2
4646	2643	1_1	1_2
5058	5351	1_1	1_2
4904	2496	1_1	1_2
4536	4260	1_1	1_2
3024	4707	1_1	1_2
2679	3756	1_1	1_2
5374	3622	1_1	1_2
4492	3348	1_1	1_2
4766	4832	1_1	1_2
2719	4311	1_1	1_2
4662	3229	1_1	1_2
4826	3566	1_1	1_2
3716	5142	1_1	1_2
5278	4077	1_1	1_2
4582	4736	1_1	1_2
5180	5113	1_1	1_2
4517	5339	1_1	1_2
4378	4888	1_1	1_2
5259	4869	1_1	1_2
4843	3291	1_1	1_2
3657	5095	1_1	1_2
4999	4962	1_1	1_2
4972	4879	1_1	1_2
4115	4215	1_1	1_2
4797	4810	1_1	1_2
4528	5090	1_1	1_2
4168	5004	1_1	1_2
4992	5333	1_1	1_2
4568	5371	1_1	1_2
5000	5398	1_1	1_2
4553	5229	1_1	1_2
5390	3960	1_1	1_2
3044	4317	1_1	1_2
5023	4876	1_1	1_2
4644	4447	1_1	1_2
4892	4852	1_1	1_2
4984	5195	1_1	1_2
4704	4983	1_1	1_2
3870	5306	1_1	1_2
4764	3407	1_1	1_2
3310	4900	1_1	1_2
5363	5065	1_1	1_2
3500	2339	1_1	1_2
5219	4453	1_1	1_2
5220	5234	1_1	1_2
4460	5329	1_1	1_2
3599	4689	1_1	1_2
4563	4825	1_1	1_2
4915	5053	1_1	1_2
5269	4024	1_1	1_2
5338	4958	1_1	1_2
4870	4953	1_1	1_2
5165	4019	1_1	1_2
4671	4825	1_1	1_2
4355	4466	1_1	1_3
4581	5379	1_1	1_3
5334	2901	1_1	1_3
5119	5356	1_1	1_3
4812	5348	1_1	1_3
5369	4441	1_1	1_3
5178	5092	1_1	1_3
3573	4362	1_1	1_3
4710	4890	1_1	1_3
4846	5284	1_1	1_3
4993	4228	1_1	1_3
5027	5012	1_1	1_3
5183	3792	1_1	1_3
4880	2838	1_1	1_3
5260	5221	1_1	1_3
5163	4521	1_1	1_3
5238	4623	1_1	1_3
4013	4980	1_1	1_3
5336	3844	1_1	1_3
5015	5083	1_1	1_3
4478	4240	1_1	1_3
5002	4687	1_1	1_3
4792	5010	1_1	1_3
4775	5295	1_1	1_3
4931	5350	1_1	1_3
5032	4978	1_1	1_3
3715	1926	1_1	1_3
5103	5327	1_1	1_3
5120	5370	1_1	1_3
3902	4705	1_1	1_3
4460	5289	1_1	1_3
3599	4175	1_1	1_3
2879	5022	1_1	1_3
5338	4985	1_1	1_3
4870	3585	1_1	1_3
4355	5217	1_1	1_4
4581	5337	1_1	1_4
4483	4914	1_1	1_4
5334	5283	1_1	1_4
5074	4948	1_1	1_4
4602	4966	1_1	1_4
5119	3123	1_1	1_4
4812	5206	1_1	1_4
5369	5098	1_1	1_4
5178	4333	1_1	1_4
3573	5305	1_1	1_4
4846	5122	1_1	1_4
4993	4678	1_1	1_4
5027	4840	1_1	1_4
5408	5087	1_1	1_4
4880	4676	1_1	1_4
5260	4518	1_1	1_4
5163	3958	1_1	1_4
5238	4821	1_1	1_4
4013	4112	1_1	1_4
5336	4322	1_1	1_4
5015	4538	1_1	1_4
4775	5117	1_1	1_4
4931	4616	1_1	1_4
5032	5243	1_1	1_4
3715	5069	1_1	1_4
4094	5373	1_1	1_4
3685	4866	1_1	1_4
5278	3635	1_1	1_4
4582	4003	1_1	1_4
5180	5296	1_1	1_4
4517	5403	1_1	1_4
5259	4205	1_1	1_4
4843	4236	1_1	1_4
3657	4284	1_1	1_4
4999	5209	1_1	1_4
4972	4883	1_1	1_4
4115	3323	1_1	1_4
4797	4218	1_1	1_4
3902	4316	1_1	1_4
5220	4512	1_1	1_4
4460	4935	1_1	1_4
3599	3963	1_1	1_4
4563	5104	1_1	1_4
4915	4957	1_1	1_4
5269	5297	1_1	1_4
2879	4183	1_1	1_4
5338	4970	1_1	1_4
5165	3781	1_1	1_4
4671	5104	1_1	1_4
4355	5310	1_1	1_5
4483	4541	1_1	1_5
4649	4713	1_1	1_5
5074	4872	1_1	1_5
4602	5169	1_1	1_5
5119	5343	1_1	1_5
4812	4300	1_1	1_5
5369	4424	1_1	1_5
5178	5086	1_1	1_5
3573	4565	1_1	1_5
4710	4564	1_1	1_5
4846	5020	1_1	1_5
4993	5275	1_1	1_5
5027	3989	1_1	1_5
5183	4839	1_1	1_5
5408	4270	1_1	1_5
5260	5304	1_1	1_5
5163	4145	1_1	1_5
5238	5034	1_1	1_5
4013	5301	1_1	1_5
5336	3819	1_1	1_5
5015	4700	1_1	1_5
4478	5345	1_1	1_5
5002	5043	1_1	1_5
4792	5387	1_1	1_5
4775	4743	1_1	1_5
4931	4257	1_1	1_5
5032	2697	1_1	1_5
5103	4921	1_1	1_5
4094	4439	1_1	1_5
3685	4773	1_1	1_5
5278	4375	1_1	1_5
4582	3877	1_1	1_5
5180	4427	1_1	1_5
4517	5133	1_1	1_5
4990	4324	1_1	1_5
4378	5391	1_1	1_5
5259	2836	1_1	1_5
4843	5130	1_1	1_5
4999	5033	1_1	1_5
4972	4884	1_1	1_5
4115	4906	1_1	1_5
4797	5340	1_1	1_5
5220	4800	1_1	1_5
4460	5346	1_1	1_5
3599	4655	1_1	1_5
4563	4917	1_1	1_5
4915	3966	1_1	1_5
5269	4502	1_1	1_5
2879	4971	1_1	1_5
5338	3471	1_1	1_5
5165	5394	1_1	1_5
4671	4917	1_1	1_5
4013	4436	1_1	1_6
5336	5268	1_1	1_6
5015	5386	1_1	1_6
4397	5157	1_1	1_6
4792	4661	1_1	1_6
4775	5298	1_1	1_6
4931	3267	1_1	1_6
5032	4473	1_1	1_6
5103	5251	1_1	1_6
4094	4732	1_1	1_6
3685	4952	1_1	1_6
4355	4488	1_1	2_1
4483	4838	1_1	2_1
4649	4500	1_1	2_1
5334	4673	1_1	2_1
5074	4937	1_1	2_1
4602	4197	1_1	2_1
5119	4533	1_1	2_1
4812	4878	1_1	2_1
5369	5332	1_1	2_1
5178	4829	1_1	2_1
4710	5375	1_1	2_1
4846	2768	1_1	2_1
4846	5382	1_1	2_1
4993	5409	1_1	2_1
5408	4974	1_1	2_1
4880	4223	1_1	2_1
5260	5233	1_1	2_1
5163	5155	1_1	2_1
2295	4831	1_1	2_1
5238	5256	1_1	2_1
4013	4343	1_1	2_1
5336	4458	1_1	2_1
5015	5302	1_1	2_1
4397	5202	1_1	2_1
4478	4858	1_1	2_1
5002	4192	1_1	2_1
4775	5216	1_1	2_1
4775	5188	1_1	2_1
5032	4073	1_1	2_1
3715	5225	1_1	2_1
5103	5179	1_1	2_1
5103	4392	1_1	2_1
4094	4298	1_1	2_1
3685	4573	1_1	2_1
5047	1798	1_1	2_1
5232	4101	1_1	2_1
3307	3098	1_1	2_1
3563	3614	1_1	2_1
5406	4000	1_1	2_1
4646	4583	1_1	2_1
0530	5402	1_1	2_1
5058	5078	1_1	2_1
4904	3795	1_1	2_1
3024	4901	1_1	2_1
5374	2868	1_1	2_1
5374	3442	1_1	2_1
4492	3969	1_1	2_1
4766	3974	1_1	2_1
2719	5407	1_1	2_1
4826	5207	1_1	2_1
3716	4824	1_1	2_1
5278	3702	1_1	2_1
5180	4818	1_1	2_1
4517	5011	1_1	2_1
4378	4276	1_1	2_1
4378	4522	1_1	2_1
5259	4595	1_1	2_1
3657	4432	1_1	2_1
4999	4967	1_1	2_1
4972	5080	1_1	2_1
4115	5367	1_1	2_1
4797	5136	1_1	2_1
4528	5266	1_1	2_1
4168	3789	1_1	2_1
4992	3050	1_1	2_1
5000	5070	1_1	2_1
4553	5108	1_1	2_1
5390	5236	1_1	2_1
3044	4702	1_1	2_1
5023	4862	1_1	2_1
4644	3895	1_1	2_1
4892	3043	1_1	2_1
4984	4578	1_1	2_1
4704	5114	1_1	2_1
3870	4213	1_1	2_1
4764	5141	1_1	2_1
3310	5088	1_1	2_1
5363	5182	1_1	2_1
3500	3560	1_1	2_1
5220	4209	1_1	2_1
4460	5381	1_1	2_1
4915	5267	1_1	2_1
5269	5055	1_1	2_1
5338	5239	1_1	2_1
5165	4816	1_1	2_1
4355	4767	1_1	2_2
4581	4559	1_1	2_2
4483	5159	1_1	2_2
4649	4201	1_1	2_2
5334	4596	1_1	2_2
5074	5128	1_1	2_2
4602	5097	1_1	2_2
5119	4576	1_1	2_2
4812	4677	1_1	2_2
5369	5105	1_1	2_2
5178	5385	1_1	2_2
3573	5335	1_1	2_2
5027	5168	1_1	2_2
5183	4860	1_1	2_2
5408	5396	1_1	2_2
4880	5201	1_1	2_2
5260	4813	1_1	2_2
5260	5054	1_1	2_2
5163	4399	1_1	2_2
5238	5397	1_1	2_2
5336	5089	1_1	2_2
5015	5212	1_1	2_2
4478	5274	1_1	2_2
5002	4472	1_1	2_2
4792	5312	1_1	2_2
4775	4942	1_1	2_2
4931	5029	1_1	2_2
4931	5197	1_1	2_2
5032	4920	1_1	2_2
5032	4323	1_1	2_2
3715	5021	1_1	2_2
3685	4235	1_1	2_2
5278	3572	1_1	2_2
4582	2584	1_1	2_2
5180	4748	1_1	2_2
4517	4219	1_1	2_2
4990	2854	1_1	2_2
4378	5276	1_1	2_2
5259	4288	1_1	2_2
3657	4509	1_1	2_2
4972	4230	1_1	2_2
4115	5166	1_1	2_2
4797	5030	1_1	2_2
4528	5244	1_1	2_2
4168	5203	1_1	2_2
4992	4940	1_1	2_2
4568	4552	1_1	2_2
5000	4951	1_1	2_2
4553	4411	1_1	2_2
5390	4445	1_1	2_2
3044	4514	1_1	2_2
5023	4793	1_1	2_2
4644	3498	1_1	2_2
4892	5355	1_1	2_2
4984	4523	1_1	2_2
4704	4922	1_1	2_2
3870	4648	1_1	2_2
4764	4607	1_1	2_2
5363	4477	1_1	2_2
3500	5245	1_1	2_2
5219	4750	1_1	2_2
5220	4359	1_1	2_2
4460	5321	1_1	2_2
3599	4626	1_1	2_2
4563	4987	1_1	2_2
4915	4450	1_1	2_2
5269	4285	1_1	2_2
2879	5109	1_1	2_2
5338	5262	1_1	2_2
4870	3950	1_1	2_2
5165	4364	1_1	2_2
4671	4987	1_1	2_2
4355	5050	1_1	2_3
4483	4699	1_1	2_3
4649	4544	1_1	2_3
5334	5137	1_1	2_3
5074	4212	1_1	2_3
5119	5308	1_1	2_3
4812	5313	1_1	2_3
5369	5079	1_1	2_3
5178	4654	1_1	2_3
3573	5331	1_1	2_3
4846	3993	1_1	2_3
4993	5263	1_1	2_3
5027	4833	1_1	2_3
5183	4023	1_1	2_3
5408	5365	1_1	2_3
4880	3784	1_1	2_3
5163	5352	1_1	2_3
5238	5286	1_1	2_3
4013	4508	1_1	2_3
5336	4419	1_1	2_3
5015	4534	1_1	2_3
4397	5123	1_1	2_3
4478	5139	1_1	2_3
5002	5273	1_1	2_3
4775	5082	1_1	2_3
5032	4659	1_1	2_3
5103	4278	1_1	2_3
4094	4886	1_1	2_3
3685	4929	1_1	2_3
5120	5258	1_1	2_3
3236	3529	1_1	2_3
5047	4271	1_1	2_3
5232	4018	1_1	2_3
4854	3897	1_1	2_3
3307	2833	1_1	2_3
3563	4410	1_1	2_3
5406	5252	1_1	2_3
5058	4994	1_1	2_3
4536	5281	1_1	2_3
3024	4950	1_1	2_3
5374	4043	1_1	2_3
4766	2281	1_1	2_3
2719	5325	1_1	2_3
4662	4828	1_1	2_3
4826	5248	1_1	2_3
3716	4647	1_1	2_3
5278	4280	1_1	2_3
4582	5061	1_1	2_3
5180	4548	1_1	2_3
5180	4630	1_1	2_3
4517	4855	1_1	2_3
4990	5204	1_1	2_3
4378	2504	1_1	2_3
5259	4703	1_1	2_3
4843	4256	1_1	2_3
3657	5364	1_1	2_3
4972	5198	1_1	2_3
4115	4253	1_1	2_3
4797	5177	1_1	2_3
4168	5322	1_1	2_3
4568	4762	1_1	2_3
5000	5174	1_1	2_3
4553	5132	1_1	2_3
5390	4493	1_1	2_3
3044	4461	1_1	2_3
5023	4718	1_1	2_3
4644	5347	1_1	2_3
4892	3391	1_1	2_3
4984	5395	1_1	2_3
4704	5246	1_1	2_3
3870	5279	1_1	2_3
4764	5215	1_1	2_3
3310	5366	1_1	2_3
5363	4426	1_1	2_3
3500	4049	1_1	2_3
5219	4239	1_1	2_3
5220	4731	1_1	2_3
4460	5265	1_1	2_3
4563	5129	1_1	2_3
4915	5399	1_1	2_3
5269	4790	1_1	2_3
2879	5316	1_1	2_3
5338	4574	1_1	2_3
4870	3875	1_1	2_3
5165	4961	1_1	2_3
4671	5129	1_1	2_3
4355	4779	1_1	2_4
4581	2829	1_1	2_4
4483	4561	1_1	2_4
4649	3380	1_1	2_4
5334	4864	1_1	2_4
5074	5361	1_1	2_4
4602	3609	1_1	2_4
5119	3618	1_1	2_4
4812	5401	1_1	2_4
5369	5226	1_1	2_4
5178	4794	1_1	2_4
4710	4751	1_1	2_4
4846	5051	1_1	2_4
4993	3752	1_1	2_4
5027	5084	1_1	2_4
5183	4090	1_1	2_4
5408	4033	1_1	2_4
4880	4126	1_1	2_4
5260	4696	1_1	2_4
5163	5019	1_1	2_4
2295	2605	1_1	2_4
5238	4807	1_1	2_4
4013	3970	1_1	2_4
4013	4849	1_1	2_4
4397	4837	1_1	2_4
4478	5059	1_1	2_4
4478	5324	1_1	2_4
5002	5190	1_1	2_4
4792	5213	1_1	2_4
4775	4304	1_1	2_4
4931	3617	1_1	2_4
4931	4405	1_1	2_4
3715	4440	1_1	2_4
3715	3353	1_1	2_4
5103	5167	1_1	2_4
4094	5349	1_1	2_4
3685	4496	1_1	2_4
5120	3129	1_1	2_4
5120	5025	1_1	2_4
3236	4798	1_1	2_4
5047	4924	1_1	2_4
5232	3773	1_1	2_4
4854	1294	1_1	2_4
3307	3564	1_1	2_4
3563	5071	1_1	2_4
5406	2291	1_1	2_4
4646	4238	1_1	2_4
5058	4817	1_1	2_4
4536	4946	1_1	2_4
3024	4545	1_1	2_4
4492	5184	1_1	2_4
2719	3597	1_1	2_4
4826	2956	1_1	2_4
3716	4893	1_1	2_4
2178	4161	1_1	2_4
4528	4663	1_1	2_4
4168	4720	1_1	2_4
4992	4711	1_1	2_4
4568	5040	1_1	2_4
4553	3999	1_1	2_4
5390	5368	1_1	2_4
5023	3889	1_1	2_4
4644	5357	1_1	2_4
4892	4612	1_1	2_4
4984	2213	1_1	2_4
4704	5039	1_1	2_4
3870	4421	1_1	2_4
4764	3245	1_1	2_4
3310	3718	1_1	2_4
5363	5342	1_1	2_4
5219	5164	1_1	2_4
5220	4714	1_1	2_4
4460	2933	1_1	2_4
4915	4462	1_1	2_4
5269	5307	1_1	2_4
2879	4264	1_1	2_4
2879	4996	1_1	2_4
5338	5237	1_1	2_4
4870	4189	1_1	2_4
5165	5052	1_1	2_4
2178	4217	1_1	2_5
4528	4934	1_1	2_5
4528	4745	1_1	2_5
4168	4434	1_1	2_5
4992	3342	1_1	2_5
4992	4667	1_1	2_5
4568	5187	1_1	2_5
5000	4519	1_1	2_5
5000	4913	1_1	2_5
4553	4916	1_1	2_5
4553	5077	1_1	2_5
4553	4154	1_1	2_5
5390	4697	1_1	2_5
5390	3925	1_1	2_5
3044	3541	1_1	2_5
3044	4455	1_1	2_5
4644	4515	1_1	2_5
4984	5149	1_1	2_5
4984	5068	1_1	2_5
4984	4653	1_1	2_5
4704	4907	1_1	2_5
4704	4889	1_1	2_5
4704	4945	1_1	2_5
3870	4622	1_1	2_5
3870	4722	1_1	2_5
3310	4998	1_1	2_5
3310	4231	1_1	2_5
5363	4281	1_1	2_5
5363	4755	1_1	2_5
3500	4348	1_1	2_5
5219	1942	1_1	2_5
5224	5379	1_2	1_3
3527	4062	1_2	1_3
3665	2901	1_2	1_3
3863	5348	1_2	1_3
3375	4466	1_2	1_3
5320	5356	1_2	1_3
5235	4890	1_2	1_3
5360	4623	1_2	1_3
5150	5012	1_2	1_3
5383	3792	1_2	1_3
5311	4881	1_2	1_3
4152	2838	1_2	1_3
5326	5284	1_2	1_3
4325	4228	1_2	1_3
4431	4362	1_2	1_3
3678	5288	1_2	1_3
5205	5393	1_2	1_3
5280	4240	1_2	1_3
4874	4687	1_2	1_3
5257	5010	1_2	1_3
4744	5255	1_2	1_3
4560	4979	1_2	1_3
3813	3106	1_2	1_3
5247	5261	1_2	1_3
5085	4978	1_2	1_3
5211	1926	1_2	1_3
3926	5096	1_2	1_3
5249	5327	1_2	1_3
5303	5370	1_2	1_3
4958	4985	1_2	1_3
4694	4495	1_2	1_3
5329	5289	1_2	1_3
4953	3585	1_2	1_3
4689	4175	1_2	1_3
5224	5337	1_2	1_4
3159	4914	1_2	1_4
3527	5214	1_2	1_4
3665	5283	1_2	1_4
3863	5206	1_2	1_4
3375	5217	1_2	1_4
5044	4966	1_2	1_4
5320	3123	1_2	1_4
5360	4821	1_2	1_4
5150	4840	1_2	1_4
4152	4676	1_2	1_4
4666	4948	1_2	1_4
5326	5122	1_2	1_4
4325	4678	1_2	1_4
4431	5305	1_2	1_4
3678	4464	1_2	1_4
3678	4169	1_2	1_4
4465	5060	1_2	1_4
5205	4107	1_2	1_4
4744	5294	1_2	1_4
4560	5377	1_2	1_4
3813	5392	1_2	1_4
5277	4346	1_2	1_4
5085	5243	1_2	1_4
5211	5069	1_2	1_4
3926	4930	1_2	1_4
5156	4866	1_2	1_4
4962	5209	1_2	1_4
4879	4883	1_2	1_4
4077	3635	1_2	1_4
4215	3323	1_2	1_4
4736	4003	1_2	1_4
4810	4218	1_2	1_4
4869	4205	1_2	1_4
5113	5296	1_2	1_4
5339	5403	1_2	1_4
5076	4332	1_2	1_4
5317	5240	1_2	1_4
3291	4236	1_2	1_4
5095	4284	1_2	1_4
2118	4532	1_2	1_4
4958	4970	1_2	1_4
5234	4512	1_2	1_4
4694	3187	1_2	1_4
5329	4935	1_2	1_4
4689	3963	1_2	1_4
4019	3781	1_2	1_4
4825	5104	1_2	1_4
5053	4957	1_2	1_4
4024	5297	1_2	1_4
3159	4838	1_2	2_1
3527	4570	1_2	2_1
3665	4673	1_2	2_1
3863	4878	1_2	2_1
4642	4831	1_2	2_1
3375	4488	1_2	2_1
5044	4197	1_2	2_1
5320	4533	1_2	2_1
5235	5375	1_2	2_1
5360	5256	1_2	2_1
4152	4223	1_2	2_1
4666	4937	1_2	2_1
5326	2768	1_2	2_1
5326	5382	1_2	2_1
4325	5409	1_2	2_1
3678	3574	1_2	2_1
3678	5121	1_2	2_1
4465	5116	1_2	2_1
5205	4709	1_2	2_1
5280	4858	1_2	2_1
4874	4192	1_2	2_1
4965	4261	1_2	2_1
4744	3761	1_2	2_1
4560	5362	1_2	2_1
4560	4803	1_2	2_1
3813	5158	1_2	2_1
5277	4554	1_2	2_1
5247	4708	1_2	2_1
5085	4073	1_2	2_1
5211	5225	1_2	2_1
3926	4885	1_2	2_1
5249	5179	1_2	2_1
5249	4392	1_2	2_1
5156	4573	1_2	2_1
5142	4824	1_2	2_1
3348	3969	1_2	2_1
5351	5078	1_2	2_1
2496	3795	1_2	2_1
4707	4901	1_2	2_1
4344	1798	1_2	2_1
4832	3974	1_2	2_1
3071	4000	1_2	2_1
3566	5207	1_2	2_1
3622	2868	1_2	2_1
3622	3442	1_2	2_1
2866	4101	1_2	2_1
3532	3098	1_2	2_1
4372	3614	1_2	2_1
4311	5407	1_2	2_1
2643	4583	1_2	2_1
4962	4967	1_2	2_1
4879	5080	1_2	2_1
4077	3702	1_2	2_1
4215	5367	1_2	2_1
4888	4276	1_2	2_1
4888	4522	1_2	2_1
4810	5136	1_2	2_1
4869	4595	1_2	2_1
5113	4818	1_2	2_1
5339	5011	1_2	2_1
5076	5291	1_2	2_1
5317	4668	1_2	2_1
5095	4432	1_2	2_1
5090	5266	1_2	2_1
5004	3789	1_2	2_1
5333	3050	1_2	2_1
5398	5070	1_2	2_1
5229	5108	1_2	2_1
3960	5236	1_2	2_1
4317	4702	1_2	2_1
4876	4862	1_2	2_1
4447	3895	1_2	2_1
4852	3043	1_2	2_1
5195	4578	1_2	2_1
4983	5114	1_2	2_1
5306	4213	1_2	2_1
3407	5141	1_2	2_1
4900	5088	1_2	2_1
4600	4380	1_2	2_1
5065	5182	1_2	2_1
2339	3560	1_2	2_1
4958	5239	1_2	2_1
5234	4209	1_2	2_1
5329	5381	1_2	2_1
4019	4816	1_2	2_1
5053	5267	1_2	2_1
4024	5055	1_2	2_1
3159	4699	1_2	2_3
3527	4905	1_2	2_3
3665	5137	1_2	2_3
3863	5313	1_2	2_3
3375	5050	1_2	2_3
5320	5308	1_2	2_3
5360	5286	1_2	2_3
5150	4833	1_2	2_3
5383	4023	1_2	2_3
5311	5013	1_2	2_3
4152	3784	1_2	2_3
4666	4212	1_2	2_3
5326	3993	1_2	2_3
4325	5263	1_2	2_3
4431	5331	1_2	2_3
3678	5344	1_2	2_3
4465	4796	1_2	2_3
5280	5139	1_2	2_3
4874	5273	1_2	2_3
4965	4742	1_2	2_3
4744	5024	1_2	2_3
4560	5405	1_2	2_3
3813	3824	1_2	2_3
5277	4963	1_2	2_3
5247	5250	1_2	2_3
5085	4659	1_2	2_3
3926	4988	1_2	2_3
5249	4278	1_2	2_3
5156	4929	1_2	2_3
5303	5258	1_2	2_3
5142	4647	1_2	2_3
5351	4994	1_2	2_3
4707	4950	1_2	2_3
4734	3529	1_2	2_3
4344	4271	1_2	2_3
4832	2281	1_2	2_3
3071	5252	1_2	2_3
3229	4828	1_2	2_3
3566	5248	1_2	2_3
4260	5281	1_2	2_3
3622	4043	1_2	2_3
2866	4018	1_2	2_3
4122	3897	1_2	2_3
3532	2833	1_2	2_3
4372	4410	1_2	2_3
4311	5325	1_2	2_3
4879	5198	1_2	2_3
4077	4280	1_2	2_3
4215	4253	1_2	2_3
4888	2504	1_2	2_3
4736	5061	1_2	2_3
4810	5177	1_2	2_3
4869	4703	1_2	2_3
5113	4548	1_2	2_3
5113	4630	1_2	2_3
5339	4855	1_2	2_3
5076	3755	1_2	2_3
5317	4195	1_2	2_3
3291	4256	1_2	2_3
5095	5364	1_2	2_3
5004	5322	1_2	2_3
5371	4762	1_2	2_3
5398	5174	1_2	2_3
5229	5132	1_2	2_3
3960	4493	1_2	2_3
4317	4461	1_2	2_3
4876	4718	1_2	2_3
4447	5347	1_2	2_3
4852	3391	1_2	2_3
5195	5395	1_2	2_3
4983	5246	1_2	2_3
5306	5279	1_2	2_3
3407	5215	1_2	2_3
4900	5366	1_2	2_3
4600	4868	1_2	2_3
5065	4426	1_2	2_3
2339	4049	1_2	2_3
4453	4239	1_2	2_3
4958	4574	1_2	2_3
5234	4731	1_2	2_3
4694	5231	1_2	2_3
5329	5265	1_2	2_3
4953	3875	1_2	2_3
4019	4961	1_2	2_3
4825	5129	1_2	2_3
5053	5399	1_2	2_3
4024	4790	1_2	2_3
5224	2829	1_2	2_4
3159	4561	1_2	2_4
3527	4947	1_2	2_4
3665	4864	1_2	2_4
3863	5401	1_2	2_4
4642	2605	1_2	2_4
3375	4779	1_2	2_4
5044	3609	1_2	2_4
5320	3618	1_2	2_4
5235	4751	1_2	2_4
5360	4807	1_2	2_4
5150	5084	1_2	2_4
5383	4090	1_2	2_4
5311	4060	1_2	2_4
4152	4126	1_2	2_4
4666	5361	1_2	2_4
5326	5051	1_2	2_4
4325	3752	1_2	2_4
3678	3766	1_2	2_4
3678	5176	1_2	2_4
4465	3746	1_2	2_4
5205	5112	1_2	2_4
5205	5124	1_2	2_4
5205	5134	1_2	2_4
5280	5059	1_2	2_4
5280	5324	1_2	2_4
4874	5190	1_2	2_4
4965	5151	1_2	2_4
5257	5213	1_2	2_4
4744	3421	1_2	2_4
5277	4679	1_2	2_4
5277	5008	1_2	2_4
5211	4440	1_2	2_4
5211	3353	1_2	2_4
3926	5318	1_2	2_4
5249	5167	1_2	2_4
5156	4496	1_2	2_4
5303	3129	1_2	2_4
5303	5025	1_2	2_4
5142	4893	1_2	2_4
3348	5184	1_2	2_4
5351	4817	1_2	2_4
4707	4545	1_2	2_4
4734	4798	1_2	2_4
4344	4924	1_2	2_4
3071	2291	1_2	2_4
3566	2956	1_2	2_4
4260	4946	1_2	2_4
2866	3773	1_2	2_4
4122	1294	1_2	2_4
3532	3564	1_2	2_4
4372	5071	1_2	2_4
4311	3597	1_2	2_4
2643	4238	1_2	2_4
5090	4663	1_2	2_4
5004	4720	1_2	2_4
5333	4711	1_2	2_4
5371	5040	1_2	2_4
5229	3999	1_2	2_4
3960	5368	1_2	2_4
4876	3889	1_2	2_4
4447	5357	1_2	2_4
4852	4612	1_2	2_4
5195	2213	1_2	2_4
4983	5039	1_2	2_4
5306	4421	1_2	2_4
3407	3245	1_2	2_4
4900	3718	1_2	2_4
4600	5094	1_2	2_4
5065	5342	1_2	2_4
4453	5164	1_2	2_4
4958	5237	1_2	2_4
5234	4714	1_2	2_4
4694	4741	1_2	2_4
5329	2933	1_2	2_4
4953	4189	1_2	2_4
4019	5052	1_2	2_4
5053	4462	1_2	2_4
4024	5307	1_2	2_4
5090	4934	1_2	2_5
5090	4745	1_2	2_5
5004	4434	1_2	2_5
5333	3342	1_2	2_5
5333	4667	1_2	2_5
5371	5187	1_2	2_5
5398	4519	1_2	2_5
5398	4913	1_2	2_5
5229	4916	1_2	2_5
5229	5077	1_2	2_5
5229	4154	1_2	2_5
3960	4697	1_2	2_5
3960	3925	1_2	2_5
4317	3541	1_2	2_5
4317	4455	1_2	2_5
4447	4515	1_2	2_5
5195	5149	1_2	2_5
5195	5068	1_2	2_5
5195	4653	1_2	2_5
4983	4907	1_2	2_5
4983	4889	1_2	2_5
4983	4945	1_2	2_5
5306	4622	1_2	2_5
5306	4722	1_2	2_5
4900	4998	1_2	2_5
4900	4231	1_2	2_5
4600	5161	1_2	2_5
5065	4281	1_2	2_5
5065	4755	1_2	2_5
2339	4348	1_2	2_5
4453	1942	1_2	2_5
4228	4678	1_3	1_4
4466	5217	1_3	1_4
5379	5337	1_3	1_4
4062	5214	1_3	1_4
2838	4676	1_3	1_4
5221	4518	1_3	1_4
5284	5122	1_3	1_4
5348	5206	1_3	1_4
4521	3958	1_3	1_4
4623	4821	1_3	1_4
5012	4840	1_3	1_4
2901	5283	1_3	1_4
5356	3123	1_3	1_4
4441	5098	1_3	1_4
5092	4333	1_3	1_4
4362	5305	1_3	1_4
3844	4322	1_3	1_4
5288	4464	1_3	1_4
5288	4169	1_3	1_4
5083	4538	1_3	1_4
5255	5294	1_3	1_4
3106	5392	1_3	1_4
5350	4616	1_3	1_4
4978	5243	1_3	1_4
1926	5069	1_3	1_4
5096	4930	1_3	1_4
4980	4112	1_3	1_4
5393	4107	1_3	1_4
4979	5377	1_3	1_4
5295	5117	1_3	1_4
5022	4183	1_3	1_4
4705	4316	1_3	1_4
4985	4970	1_3	1_4
4495	3187	1_3	1_4
5289	4935	1_3	1_4
4175	3963	1_3	1_4
3792	4839	1_3	1_5
4228	5275	1_3	1_5
4466	5310	1_3	1_5
4881	4759	1_3	1_5
4062	4606	1_3	1_5
5221	5304	1_3	1_5
5284	5020	1_3	1_5
5348	4300	1_3	1_5
4521	4145	1_3	1_5
4890	4564	1_3	1_5
4623	5034	1_3	1_5
5012	3989	1_3	1_5
5356	5343	1_3	1_5
4441	4424	1_3	1_5
5092	5086	1_3	1_5
4362	4565	1_3	1_5
3844	3819	1_3	1_5
5288	4526	1_3	1_5
5083	4700	1_3	1_5
4240	5345	1_3	1_5
5255	5115	1_3	1_5
5261	5031	1_3	1_5
5350	4257	1_3	1_5
4978	2697	1_3	1_5
5096	4715	1_3	1_5
4980	5301	1_3	1_5
5010	5387	1_3	1_5
5327	4921	1_3	1_5
5393	5106	1_3	1_5
4687	5043	1_3	1_5
4979	4319	1_3	1_5
5295	4743	1_3	1_5
5022	4971	1_3	1_5
4985	3471	1_3	1_5
5289	5346	1_3	1_5
4175	4655	1_3	1_5
3844	5268	1_3	1_6
5288	3383	1_3	1_6
5083	5386	1_3	1_6
5255	4608	1_3	1_6
3106	5404	1_3	1_6
5261	4433	1_3	1_6
5350	3267	1_3	1_6
4978	4473	1_3	1_6
5096	5101	1_3	1_6
4980	4436	1_3	1_6
5010	4661	1_3	1_6
5327	5251	1_3	1_6
5393	5378	1_3	1_6
4979	5230	1_3	1_6
5295	5298	1_3	1_6
4228	5409	1_3	2_1
4466	4488	1_3	2_1
4062	4570	1_3	2_1
2838	4223	1_3	2_1
5221	5233	1_3	2_1
5284	2768	1_3	2_1
5284	5382	1_3	2_1
5348	4878	1_3	2_1
4521	5155	1_3	2_1
4890	5375	1_3	2_1
4623	5256	1_3	2_1
2901	4673	1_3	2_1
5356	4533	1_3	2_1
4441	5332	1_3	2_1
5092	4829	1_3	2_1
3844	4458	1_3	2_1
5288	3574	1_3	2_1
5288	5121	1_3	2_1
5083	5302	1_3	2_1
4240	4858	1_3	2_1
5255	3761	1_3	2_1
3106	5158	1_3	2_1
5261	4708	1_3	2_1
4978	4073	1_3	2_1
1926	5225	1_3	2_1
5096	4885	1_3	2_1
4980	4343	1_3	2_1
5327	5179	1_3	2_1
5327	4392	1_3	2_1
5393	4709	1_3	2_1
4687	4192	1_3	2_1
4979	5362	1_3	2_1
4979	4803	1_3	2_1
5295	5216	1_3	2_1
5295	5188	1_3	2_1
4985	5239	1_3	2_1
5289	5381	1_3	2_1
3792	4860	1_3	2_2
4466	4767	1_3	2_2
5379	4559	1_3	2_2
4881	3740	1_3	2_2
2838	5201	1_3	2_2
5221	4813	1_3	2_2
5221	5054	1_3	2_2
5348	4677	1_3	2_2
4521	4399	1_3	2_2
4623	5397	1_3	2_2
5012	5168	1_3	2_2
2901	4596	1_3	2_2
5356	4576	1_3	2_2
4441	5105	1_3	2_2
5092	5385	1_3	2_2
4362	5335	1_3	2_2
3844	5089	1_3	2_2
5083	5212	1_3	2_2
4240	5274	1_3	2_2
5255	4388	1_3	2_2
5261	5006	1_3	2_2
5350	5029	1_3	2_2
5350	5197	1_3	2_2
4978	4920	1_3	2_2
4978	4323	1_3	2_2
1926	5021	1_3	2_2
5096	4251	1_3	2_2
5010	5312	1_3	2_2
4687	4472	1_3	2_2
4979	5072	1_3	2_2
5295	4942	1_3	2_2
5022	5109	1_3	2_2
4985	5262	1_3	2_2
4495	4938	1_3	2_2
5289	5321	1_3	2_2
4175	4626	1_3	2_2
3585	3950	1_3	2_2
3792	4023	1_3	2_3
4228	5263	1_3	2_3
4466	5050	1_3	2_3
4881	5013	1_3	2_3
4062	4905	1_3	2_3
2838	3784	1_3	2_3
5284	3993	1_3	2_3
5348	5313	1_3	2_3
4521	5352	1_3	2_3
4623	5286	1_3	2_3
5012	4833	1_3	2_3
2901	5137	1_3	2_3
5356	5308	1_3	2_3
4441	5079	1_3	2_3
5092	4654	1_3	2_3
4362	5331	1_3	2_3
3844	4419	1_3	2_3
5288	5344	1_3	2_3
5083	4534	1_3	2_3
4240	5139	1_3	2_3
5255	5024	1_3	2_3
3106	3824	1_3	2_3
5261	5250	1_3	2_3
4978	4659	1_3	2_3
5096	4988	1_3	2_3
4980	4508	1_3	2_3
5327	4278	1_3	2_3
4687	5273	1_3	2_3
4979	5405	1_3	2_3
5295	5082	1_3	2_3
5370	5258	1_3	2_3
5022	5316	1_3	2_3
4985	4574	1_3	2_3
4495	5231	1_3	2_3
5289	5265	1_3	2_3
3585	3875	1_3	2_3
3792	4090	1_3	2_4
4228	3752	1_3	2_4
4466	4779	1_3	2_4
5379	2829	1_3	2_4
4881	4060	1_3	2_4
4062	4947	1_3	2_4
2838	4126	1_3	2_4
5221	4696	1_3	2_4
5284	5051	1_3	2_4
5348	5401	1_3	2_4
4521	5019	1_3	2_4
4890	4751	1_3	2_4
4623	4807	1_3	2_4
5012	5084	1_3	2_4
2901	4864	1_3	2_4
5356	3618	1_3	2_4
4441	5226	1_3	2_4
5092	4794	1_3	2_4
5288	3766	1_3	2_4
5288	5176	1_3	2_4
4240	5059	1_3	2_4
4240	5324	1_3	2_4
5255	3421	1_3	2_4
5350	3617	1_3	2_4
5350	4405	1_3	2_4
1926	4440	1_3	2_4
1926	3353	1_3	2_4
5096	5318	1_3	2_4
4980	3970	1_3	2_4
4980	4849	1_3	2_4
5010	5213	1_3	2_4
5327	5167	1_3	2_4
5393	5112	1_3	2_4
5393	5124	1_3	2_4
5393	5134	1_3	2_4
4687	5190	1_3	2_4
5295	4304	1_3	2_4
5370	3129	1_3	2_4
5370	5025	1_3	2_4
5022	4264	1_3	2_4
5022	4996	1_3	2_4
4985	5237	1_3	2_4
4495	4741	1_3	2_4
5289	2933	1_3	2_4
3585	4189	1_3	2_4
5217	5310	1_4	1_5
4840	3989	1_4	1_5
4914	4541	1_4	1_5
5214	4606	1_4	1_5
4518	5304	1_4	1_5
5098	4424	1_4	1_5
4333	5086	1_4	1_5
3958	4145	1_4	1_5
4678	5275	1_4	1_5
4821	5034	1_4	1_5
4948	4872	1_4	1_5
4966	5169	1_4	1_5
3123	5343	1_4	1_5
5206	4300	1_4	1_5
5305	4565	1_4	1_5
5087	4270	1_4	1_5
5122	5020	1_4	1_5
4169	4526	1_4	1_5
4112	5301	1_4	1_5
4464	4526	1_4	1_5
5060	5045	1_4	1_5
4107	5106	1_4	1_5
5294	5115	1_4	1_5
5377	4319	1_4	1_5
5117	4743	1_4	1_5
4346	5353	1_4	1_5
4616	4257	1_4	1_5
5243	2697	1_4	1_5
4930	4715	1_4	1_5
5373	4439	1_4	1_5
4866	4773	1_4	1_5
4322	3819	1_4	1_5
4538	4700	1_4	1_5
5209	5033	1_4	1_5
4883	4884	1_4	1_5
3635	4375	1_4	1_5
3323	4906	1_4	1_5
4003	3877	1_4	1_5
4218	5340	1_4	1_5
4205	2836	1_4	1_5
5296	4427	1_4	1_5
5403	5133	1_4	1_5
4332	3886	1_4	1_5
5240	3986	1_4	1_5
4236	5130	1_4	1_5
4532	2068	1_4	1_5
4183	4971	1_4	1_5
4970	3471	1_4	1_5
4512	4800	1_4	1_5
4935	5346	1_4	1_5
3963	4655	1_4	1_5
5227	3299	1_4	1_5
3781	5394	1_4	1_5
5104	4917	1_4	1_5
4957	3966	1_4	1_5
5297	4502	1_4	1_5
4169	3383	1_4	1_6
4112	4436	1_4	1_6
4464	3383	1_4	1_6
5060	5314	1_4	1_6
4107	5378	1_4	1_6
5294	4608	1_4	1_6
5377	5230	1_4	1_6
5392	5404	1_4	1_6
5117	5298	1_4	1_6
4616	3267	1_4	1_6
5243	4473	1_4	1_6
4930	5101	1_4	1_6
5373	4732	1_4	1_6
4866	4952	1_4	1_6
4322	5268	1_4	1_6
4538	5386	1_4	1_6
5217	4488	1_4	2_1
4914	4838	1_4	2_1
5214	4570	1_4	2_1
5283	4673	1_4	2_1
4518	5233	1_4	2_1
5098	5332	1_4	2_1
4333	4829	1_4	2_1
3958	5155	1_4	2_1
4678	5409	1_4	2_1
4821	5256	1_4	2_1
4676	4223	1_4	2_1
4948	4937	1_4	2_1
4966	4197	1_4	2_1
3123	4533	1_4	2_1
5206	4878	1_4	2_1
5087	4974	1_4	2_1
5122	2768	1_4	2_1
5122	5382	1_4	2_1
4169	3574	1_4	2_1
4169	5121	1_4	2_1
4112	4343	1_4	2_1
4464	3574	1_4	2_1
4464	5121	1_4	2_1
5060	5116	1_4	2_1
4107	4709	1_4	2_1
5294	3761	1_4	2_1
5377	5362	1_4	2_1
5377	4803	1_4	2_1
5392	5158	1_4	2_1
5117	5216	1_4	2_1
5117	5188	1_4	2_1
4346	4554	1_4	2_1
5243	4073	1_4	2_1
5069	5225	1_4	2_1
4930	4885	1_4	2_1
5373	4298	1_4	2_1
4866	4573	1_4	2_1
4322	4458	1_4	2_1
4538	5302	1_4	2_1
5209	4967	1_4	2_1
4883	5080	1_4	2_1
3635	3702	1_4	2_1
3323	5367	1_4	2_1
4218	5136	1_4	2_1
4205	4595	1_4	2_1
5296	4818	1_4	2_1
5403	5011	1_4	2_1
4332	5291	1_4	2_1
5240	4668	1_4	2_1
4284	4432	1_4	2_1
4970	5239	1_4	2_1
4512	4209	1_4	2_1
4935	5381	1_4	2_1
5227	5354	1_4	2_1
3781	4816	1_4	2_1
4957	5267	1_4	2_1
5297	5055	1_4	2_1
5217	4767	1_4	2_2
4840	5168	1_4	2_2
4914	5159	1_4	2_2
5283	4596	1_4	2_2
4518	4813	1_4	2_2
4518	5054	1_4	2_2
5098	5105	1_4	2_2
4333	5385	1_4	2_2
3958	4399	1_4	2_2
4821	5397	1_4	2_2
5337	4559	1_4	2_2
4676	5201	1_4	2_2
4948	5128	1_4	2_2
4966	5097	1_4	2_2
3123	4576	1_4	2_2
5206	4677	1_4	2_2
5305	5335	1_4	2_2
5087	5396	1_4	2_2
5060	5384	1_4	2_2
5294	4388	1_4	2_2
5377	5072	1_4	2_2
5117	4942	1_4	2_2
4616	5029	1_4	2_2
4616	5197	1_4	2_2
5243	4920	1_4	2_2
5243	4323	1_4	2_2
5069	5021	1_4	2_2
4930	4251	1_4	2_2
4866	4235	1_4	2_2
4322	5089	1_4	2_2
4538	5212	1_4	2_2
4883	4230	1_4	2_2
3635	3572	1_4	2_2
3323	5166	1_4	2_2
4003	2584	1_4	2_2
4218	5030	1_4	2_2
4205	4288	1_4	2_2
5296	4748	1_4	2_2
5403	4219	1_4	2_2
4332	5056	1_4	2_2
5240	4272	1_4	2_2
4284	4509	1_4	2_2
3187	4938	1_4	2_2
4183	5109	1_4	2_2
4970	5262	1_4	2_2
4512	4359	1_4	2_2
4935	5321	1_4	2_2
3963	4626	1_4	2_2
5227	3128	1_4	2_2
3781	4364	1_4	2_2
5104	4987	1_4	2_2
4957	4450	1_4	2_2
5297	4285	1_4	2_2
5217	5050	1_4	2_3
4840	4833	1_4	2_3
4914	4699	1_4	2_3
5214	4905	1_4	2_3
5283	5137	1_4	2_3
5098	5079	1_4	2_3
4333	4654	1_4	2_3
3958	5352	1_4	2_3
4678	5263	1_4	2_3
4821	5286	1_4	2_3
4676	3784	1_4	2_3
4948	4212	1_4	2_3
3123	5308	1_4	2_3
5206	5313	1_4	2_3
5305	5331	1_4	2_3
5087	5365	1_4	2_3
5122	3993	1_4	2_3
4169	5344	1_4	2_3
4112	4508	1_4	2_3
4464	5344	1_4	2_3
5060	4796	1_4	2_3
5294	5024	1_4	2_3
5377	5405	1_4	2_3
5392	3824	1_4	2_3
5117	5082	1_4	2_3
4346	4963	1_4	2_3
5243	4659	1_4	2_3
4930	4988	1_4	2_3
5373	4886	1_4	2_3
4866	4929	1_4	2_3
4322	4419	1_4	2_3
4538	4534	1_4	2_3
4883	5198	1_4	2_3
3635	4280	1_4	2_3
3323	4253	1_4	2_3
4003	5061	1_4	2_3
4218	5177	1_4	2_3
4205	4703	1_4	2_3
5296	4548	1_4	2_3
5296	4630	1_4	2_3
5403	4855	1_4	2_3
4332	3755	1_4	2_3
5240	4195	1_4	2_3
4236	4256	1_4	2_3
4284	5364	1_4	2_3
3187	5231	1_4	2_3
4183	5316	1_4	2_3
4970	4574	1_4	2_3
4512	4731	1_4	2_3
4935	5265	1_4	2_3
5227	2560	1_4	2_3
3781	4961	1_4	2_3
5104	5129	1_4	2_3
4957	5399	1_4	2_3
5297	4790	1_4	2_3
5217	4779	1_4	2_4
4840	5084	1_4	2_4
4914	4561	1_4	2_4
5214	4947	1_4	2_4
5283	4864	1_4	2_4
4518	4696	1_4	2_4
5098	5226	1_4	2_4
4333	4794	1_4	2_4
3958	5019	1_4	2_4
4678	3752	1_4	2_4
4821	4807	1_4	2_4
5337	2829	1_4	2_4
4676	4126	1_4	2_4
4948	5361	1_4	2_4
4966	3609	1_4	2_4
3123	3618	1_4	2_4
5206	5401	1_4	2_4
5087	4033	1_4	2_4
5122	5051	1_4	2_4
4169	3766	1_4	2_4
4169	5176	1_4	2_4
4112	3970	1_4	2_4
4112	4849	1_4	2_4
4464	3766	1_4	2_4
4464	5176	1_4	2_4
5060	3746	1_4	2_4
4107	5112	1_4	2_4
4107	5124	1_4	2_4
4107	5134	1_4	2_4
5294	3421	1_4	2_4
5117	4304	1_4	2_4
4346	4679	1_4	2_4
4346	5008	1_4	2_4
4616	3617	1_4	2_4
4616	4405	1_4	2_4
5069	4440	1_4	2_4
5069	3353	1_4	2_4
4930	5318	1_4	2_4
5373	5349	1_4	2_4
4866	4496	1_4	2_4
3187	4741	1_4	2_4
4183	4264	1_4	2_4
4183	4996	1_4	2_4
4970	5237	1_4	2_4
4512	4714	1_4	2_4
4935	2933	1_4	2_4
5227	5218	1_4	2_4
3781	5052	1_4	2_4
4957	4462	1_4	2_4
5297	5307	1_4	2_4
5301	4436	1_5	1_6
3819	5268	1_5	1_6
4526	3383	1_5	1_6
4700	5386	1_5	1_6
5045	5314	1_5	1_6
5106	5378	1_5	1_6
5287	3728	1_5	1_6
5387	4661	1_5	1_6
5115	4608	1_5	1_6
4319	5230	1_5	1_6
4743	5298	1_5	1_6
5031	4433	1_5	1_6
4257	3267	1_5	1_6
2697	4473	1_5	1_6
4715	5101	1_5	1_6
4921	5251	1_5	1_6
4439	4732	1_5	1_6
4773	4952	1_5	1_6
5310	4488	1_5	2_1
4541	4838	1_5	2_1
4270	4974	1_5	2_1
4606	4570	1_5	2_1
4713	4500	1_5	2_1
5304	5233	1_5	2_1
4872	4937	1_5	2_1
5169	4197	1_5	2_1
5020	2768	1_5	2_1
5020	5382	1_5	2_1
5343	4533	1_5	2_1
4300	4878	1_5	2_1
4424	5332	1_5	2_1
5086	4829	1_5	2_1
4145	5155	1_5	2_1
5275	5409	1_5	2_1
4564	5375	1_5	2_1
5034	5256	1_5	2_1
5301	4343	1_5	2_1
3819	4458	1_5	2_1
4526	3574	1_5	2_1
4526	5121	1_5	2_1
4700	5302	1_5	2_1
5045	5116	1_5	2_1
5106	4709	1_5	2_1
5345	4858	1_5	2_1
5043	4192	1_5	2_1
5287	4261	1_5	2_1
5115	3761	1_5	2_1
4319	5362	1_5	2_1
4319	4803	1_5	2_1
4743	5216	1_5	2_1
4743	5188	1_5	2_1
5353	4554	1_5	2_1
5031	4708	1_5	2_1
2697	4073	1_5	2_1
4715	4885	1_5	2_1
4921	5179	1_5	2_1
4921	4392	1_5	2_1
4439	4298	1_5	2_1
4773	4573	1_5	2_1
5033	4967	1_5	2_1
4884	5080	1_5	2_1
4375	3702	1_5	2_1
5391	4276	1_5	2_1
5391	4522	1_5	2_1
5340	5136	1_5	2_1
4427	4818	1_5	2_1
5133	5011	1_5	2_1
3886	5291	1_5	2_1
5186	2714	1_5	2_1
4906	5367	1_5	2_1
2836	4595	1_5	2_1
0507	1716	1_5	2_1
3986	4668	1_5	2_1
3471	5239	1_5	2_1
4800	4209	1_5	2_1
5346	5381	1_5	2_1
3299	5354	1_5	2_1
5394	4816	1_5	2_1
3966	5267	1_5	2_1
4502	5055	1_5	2_1
5310	4767	1_5	2_2
3989	5168	1_5	2_2
4541	5159	1_5	2_2
4839	4860	1_5	2_2
4759	3740	1_5	2_2
4270	5396	1_5	2_2
4713	4201	1_5	2_2
5304	4813	1_5	2_2
5304	5054	1_5	2_2
4872	5128	1_5	2_2
5169	5097	1_5	2_2
5343	4576	1_5	2_2
4300	4677	1_5	2_2
4424	5105	1_5	2_2
5086	5385	1_5	2_2
4145	4399	1_5	2_2
4565	5335	1_5	2_2
5034	5397	1_5	2_2
3819	5089	1_5	2_2
4700	5212	1_5	2_2
5045	5384	1_5	2_2
5345	5274	1_5	2_2
5043	4472	1_5	2_2
5287	3354	1_5	2_2
5387	5312	1_5	2_2
5115	4388	1_5	2_2
4319	5072	1_5	2_2
4743	4942	1_5	2_2
5031	5006	1_5	2_2
4257	5029	1_5	2_2
4257	5197	1_5	2_2
2697	4920	1_5	2_2
2697	4323	1_5	2_2
4715	4251	1_5	2_2
4773	4235	1_5	2_2
4884	4230	1_5	2_2
4375	3572	1_5	2_2
4324	2854	1_5	2_2
5391	5276	1_5	2_2
3877	2584	1_5	2_2
5340	5030	1_5	2_2
4427	4748	1_5	2_2
5133	4219	1_5	2_2
3886	5056	1_5	2_2
5186	5048	1_5	2_2
4906	5166	1_5	2_2
2836	4288	1_5	2_2
3986	4272	1_5	2_2
4971	5109	1_5	2_2
3471	5262	1_5	2_2
4800	4359	1_5	2_2
5346	5321	1_5	2_2
4655	4626	1_5	2_2
3299	3128	1_5	2_2
5394	4364	1_5	2_2
4917	4987	1_5	2_2
3966	4450	1_5	2_2
4502	4285	1_5	2_2
5310	5050	1_5	2_3
3989	4833	1_5	2_3
4541	4699	1_5	2_3
4839	4023	1_5	2_3
4759	5013	1_5	2_3
4270	5365	1_5	2_3
4606	4905	1_5	2_3
4713	4544	1_5	2_3
4872	4212	1_5	2_3
5020	3993	1_5	2_3
5343	5308	1_5	2_3
4300	5313	1_5	2_3
4424	5079	1_5	2_3
5086	4654	1_5	2_3
4145	5352	1_5	2_3
5275	5263	1_5	2_3
4565	5331	1_5	2_3
5034	5286	1_5	2_3
5301	4508	1_5	2_3
3819	4419	1_5	2_3
4526	5344	1_5	2_3
4700	4534	1_5	2_3
5045	4796	1_5	2_3
5345	5139	1_5	2_3
5043	5273	1_5	2_3
5287	4742	1_5	2_3
5115	5024	1_5	2_3
4319	5405	1_5	2_3
4743	5082	1_5	2_3
5353	4963	1_5	2_3
5031	5250	1_5	2_3
2697	4659	1_5	2_3
4715	4988	1_5	2_3
4921	4278	1_5	2_3
4439	4886	1_5	2_3
4773	4929	1_5	2_3
4884	5198	1_5	2_3
4375	4280	1_5	2_3
4324	5204	1_5	2_3
5391	2504	1_5	2_3
3877	5061	1_5	2_3
5340	5177	1_5	2_3
4427	4548	1_5	2_3
4427	4630	1_5	2_3
5133	4855	1_5	2_3
3886	3755	1_5	2_3
5186	4061	1_5	2_3
5130	4256	1_5	2_3
4906	4253	1_5	2_3
2836	4703	1_5	2_3
3986	4195	1_5	2_3
4971	5316	1_5	2_3
3471	4574	1_5	2_3
4800	4731	1_5	2_3
5346	5265	1_5	2_3
3299	2560	1_5	2_3
5394	4961	1_5	2_3
4917	5129	1_5	2_3
3966	5399	1_5	2_3
4502	4790	1_5	2_3
5310	4779	1_5	2_4
3989	5084	1_5	2_4
4541	4561	1_5	2_4
4839	4090	1_5	2_4
4759	4060	1_5	2_4
4270	4033	1_5	2_4
4606	4947	1_5	2_4
4713	3380	1_5	2_4
5304	4696	1_5	2_4
4872	5361	1_5	2_4
5169	3609	1_5	2_4
5020	5051	1_5	2_4
5343	3618	1_5	2_4
4300	5401	1_5	2_4
4424	5226	1_5	2_4
5086	4794	1_5	2_4
4145	5019	1_5	2_4
5275	3752	1_5	2_4
4564	4751	1_5	2_4
5034	4807	1_5	2_4
5301	3970	1_5	2_4
5301	4849	1_5	2_4
4526	3766	1_5	2_4
4526	5176	1_5	2_4
5045	3746	1_5	2_4
5106	5112	1_5	2_4
5106	5124	1_5	2_4
5106	5134	1_5	2_4
5345	5059	1_5	2_4
5345	5324	1_5	2_4
5043	5190	1_5	2_4
5287	5151	1_5	2_4
5387	5213	1_5	2_4
5115	3421	1_5	2_4
4743	4304	1_5	2_4
5353	4679	1_5	2_4
5353	5008	1_5	2_4
4257	3617	1_5	2_4
4257	4405	1_5	2_4
4715	5318	1_5	2_4
4921	5167	1_5	2_4
4439	5349	1_5	2_4
4773	4496	1_5	2_4
4971	4264	1_5	2_4
4971	4996	1_5	2_4
3471	5237	1_5	2_4
4800	4714	1_5	2_4
5346	2933	1_5	2_4
3299	5218	1_5	2_4
5394	5052	1_5	2_4
3966	4462	1_5	2_4
4502	5307	1_5	2_4
5386	5302	1_6	2_1
5378	4709	1_6	2_1
4608	3761	1_6	2_1
5230	5362	1_6	2_1
5230	4803	1_6	2_1
5404	5158	1_6	2_1
5298	5216	1_6	2_1
5298	5188	1_6	2_1
4433	4708	1_6	2_1
4436	4343	1_6	2_1
3383	3574	1_6	2_1
3383	5121	1_6	2_1
3728	4261	1_6	2_1
4473	4073	1_6	2_1
5101	4885	1_6	2_1
5268	4458	1_6	2_1
5314	5116	1_6	2_1
5157	5202	1_6	2_1
5251	5179	1_6	2_1
5251	4392	1_6	2_1
4732	4298	1_6	2_1
4952	4573	1_6	2_1
5386	5212	1_6	2_2
4608	4388	1_6	2_2
5230	5072	1_6	2_2
5298	4942	1_6	2_2
4433	5006	1_6	2_2
3728	3354	1_6	2_2
4661	5312	1_6	2_2
4473	4920	1_6	2_2
4473	4323	1_6	2_2
5101	4251	1_6	2_2
5268	5089	1_6	2_2
5314	5384	1_6	2_2
3267	5029	1_6	2_2
3267	5197	1_6	2_2
4952	4235	1_6	2_2
5386	4534	1_6	2_3
4608	5024	1_6	2_3
5230	5405	1_6	2_3
5404	3824	1_6	2_3
5298	5082	1_6	2_3
4433	5250	1_6	2_3
4436	4508	1_6	2_3
3383	5344	1_6	2_3
3728	4742	1_6	2_3
4473	4659	1_6	2_3
5101	4988	1_6	2_3
5268	4419	1_6	2_3
5314	4796	1_6	2_3
5157	5123	1_6	2_3
5251	4278	1_6	2_3
4732	4886	1_6	2_3
4952	4929	1_6	2_3
5378	5112	1_6	2_4
5378	5124	1_6	2_4
5378	5134	1_6	2_4
4608	3421	1_6	2_4
5298	4304	1_6	2_4
4436	3970	1_6	2_4
4436	4849	1_6	2_4
3383	3766	1_6	2_4
3383	5176	1_6	2_4
3728	5151	1_6	2_4
4661	5213	1_6	2_4
5101	5318	1_6	2_4
5314	3746	1_6	2_4
5157	4837	1_6	2_4
3267	3617	1_6	2_4
3267	4405	1_6	2_4
5251	5167	1_6	2_4
4732	5349	1_6	2_4
4952	4496	1_6	2_4
4937	5128	2_1	2_2
4488	4767	2_1	2_2
4838	5159	2_1	2_2
4974	5396	2_1	2_2
4500	4201	2_1	2_2
4673	4596	2_1	2_2
4223	5201	2_1	2_2
4197	5097	2_1	2_2
4533	4576	2_1	2_2
4878	4677	2_1	2_2
5332	5105	2_1	2_2
5155	4399	2_1	2_2
5256	5397	2_1	2_2
5233	4813	2_1	2_2
5233	5054	2_1	2_2
4829	5385	2_1	2_2
4458	5089	2_1	2_2
5302	5212	2_1	2_2
4858	5274	2_1	2_2
4261	3354	2_1	2_2
5362	5072	2_1	2_2
5188	4942	2_1	2_2
4073	4920	2_1	2_2
4073	4323	2_1	2_2
4885	4251	2_1	2_2
4573	4235	2_1	2_2
5116	5384	2_1	2_2
4192	4472	2_1	2_2
3761	4388	2_1	2_2
4803	5072	2_1	2_2
5216	4942	2_1	2_2
4708	5006	2_1	2_2
5225	5021	2_1	2_2
5367	5166	2_1	2_2
5080	4230	2_1	2_2
3702	3572	2_1	2_2
4522	5276	2_1	2_2
5136	5030	2_1	2_2
4595	4288	2_1	2_2
3558	5016	2_1	2_2
5011	4219	2_1	2_2
5291	5056	2_1	2_2
2714	5048	2_1	2_2
4432	4509	2_1	2_2
4276	5276	2_1	2_2
4818	4748	2_1	2_2
4668	4272	2_1	2_2
5266	5244	2_1	2_2
3789	5203	2_1	2_2
3050	4940	2_1	2_2
5070	4951	2_1	2_2
5108	4411	2_1	2_2
5236	4445	2_1	2_2
4702	4514	2_1	2_2
4862	4793	2_1	2_2
3895	3498	2_1	2_2
3043	5355	2_1	2_2
4578	4523	2_1	2_2
5114	4922	2_1	2_2
4213	4648	2_1	2_2
5141	4607	2_1	2_2
4380	5102	2_1	2_2
5182	4477	2_1	2_2
3560	5245	2_1	2_2
5239	5262	2_1	2_2
4209	4359	2_1	2_2
5381	5321	2_1	2_2
5354	3128	2_1	2_2
4816	4364	2_1	2_2
5267	4450	2_1	2_2
5055	4285	2_1	2_2
4570	4905	2_1	2_3
4937	4212	2_1	2_3
5382	3993	2_1	2_3
4488	5050	2_1	2_3
4838	4699	2_1	2_3
4974	5365	2_1	2_3
4500	4544	2_1	2_3
4673	5137	2_1	2_3
4223	3784	2_1	2_3
2768	3993	2_1	2_3
4533	5308	2_1	2_3
4878	5313	2_1	2_3
5332	5079	2_1	2_3
5155	5352	2_1	2_3
5409	5263	2_1	2_3
5256	5286	2_1	2_3
4829	4654	2_1	2_3
4458	4419	2_1	2_3
3574	5344	2_1	2_3
5302	4534	2_1	2_3
4858	5139	2_1	2_3
4261	4742	2_1	2_3
5362	5405	2_1	2_3
5188	5082	2_1	2_3
4554	4963	2_1	2_3
4073	4659	2_1	2_3
4885	4988	2_1	2_3
4392	4278	2_1	2_3
4298	4886	2_1	2_3
4573	4929	2_1	2_3
4343	4508	2_1	2_3
5116	4796	2_1	2_3
5202	5123	2_1	2_3
4192	5273	2_1	2_3
3761	5024	2_1	2_3
4803	5405	2_1	2_3
5158	3824	2_1	2_3
5216	5082	2_1	2_3
4708	5250	2_1	2_3
5179	4278	2_1	2_3
5121	5344	2_1	2_3
1798	4271	2_1	2_3
3974	2281	2_1	2_3
4000	5252	2_1	2_3
5078	4994	2_1	2_3
4101	4018	2_1	2_3
4824	4647	2_1	2_3
3098	2833	2_1	2_3
5407	5325	2_1	2_3
5207	5248	2_1	2_3
4901	4950	2_1	2_3
2868	4043	2_1	2_3
4682	2142	2_1	2_3
3614	4410	2_1	2_3
3442	4043	2_1	2_3
5367	4253	2_1	2_3
5080	5198	2_1	2_3
3702	4280	2_1	2_3
4522	2504	2_1	2_3
5136	5177	2_1	2_3
4595	4703	2_1	2_3
3558	2487	2_1	2_3
5011	4855	2_1	2_3
5291	3755	2_1	2_3
2714	4061	2_1	2_3
4432	5364	2_1	2_3
4276	2504	2_1	2_3
4818	4548	2_1	2_3
4818	4630	2_1	2_3
4668	4195	2_1	2_3
4882	1616	2_1	2_3
3789	5322	2_1	2_3
5070	5174	2_1	2_3
5108	5132	2_1	2_3
5236	4493	2_1	2_3
4702	4461	2_1	2_3
4862	4718	2_1	2_3
3895	5347	2_1	2_3
3043	3391	2_1	2_3
4578	5395	2_1	2_3
5114	5246	2_1	2_3
4213	5279	2_1	2_3
5141	5215	2_1	2_3
5088	5366	2_1	2_3
4380	4868	2_1	2_3
5182	4426	2_1	2_3
3560	4049	2_1	2_3
4894	5389	2_1	2_3
5239	4574	2_1	2_3
4209	4731	2_1	2_3
5381	5265	2_1	2_3
5354	2560	2_1	2_3
4816	4961	2_1	2_3
5267	5399	2_1	2_3
5055	4790	2_1	2_3
4570	4947	2_1	2_4
4937	5361	2_1	2_4
5382	5051	2_1	2_4
4488	4779	2_1	2_4
4838	4561	2_1	2_4
4974	4033	2_1	2_4
4500	3380	2_1	2_4
4673	4864	2_1	2_4
4223	4126	2_1	2_4
4197	3609	2_1	2_4
2768	5051	2_1	2_4
4533	3618	2_1	2_4
4878	5401	2_1	2_4
5332	5226	2_1	2_4
5155	5019	2_1	2_4
5409	3752	2_1	2_4
4831	2605	2_1	2_4
5375	4751	2_1	2_4
5256	4807	2_1	2_4
5233	4696	2_1	2_4
4829	4794	2_1	2_4
3574	3766	2_1	2_4
3574	5176	2_1	2_4
4858	5059	2_1	2_4
4858	5324	2_1	2_4
4261	5151	2_1	2_4
5188	4304	2_1	2_4
4554	4679	2_1	2_4
4554	5008	2_1	2_4
4885	5318	2_1	2_4
4392	5167	2_1	2_4
4298	5349	2_1	2_4
4573	4496	2_1	2_4
4343	3970	2_1	2_4
4343	4849	2_1	2_4
5116	3746	2_1	2_4
5202	4837	2_1	2_4
4709	5112	2_1	2_4
4709	5124	2_1	2_4
4709	5134	2_1	2_4
4192	5190	2_1	2_4
3761	3421	2_1	2_4
5216	4304	2_1	2_4
5225	4440	2_1	2_4
5225	3353	2_1	2_4
5179	5167	2_1	2_4
5121	3766	2_1	2_4
5121	5176	2_1	2_4
1798	4924	2_1	2_4
4000	2291	2_1	2_4
4583	4238	2_1	2_4
5078	4817	2_1	2_4
4101	3773	2_1	2_4
4824	4893	2_1	2_4
3969	5184	2_1	2_4
3098	3564	2_1	2_4
5407	3597	2_1	2_4
5207	2956	2_1	2_4
4901	4545	2_1	2_4
4682	3771	2_1	2_4
3614	5071	2_1	2_4
5266	4663	2_1	2_4
3789	4720	2_1	2_4
3050	4711	2_1	2_4
5108	3999	2_1	2_4
5236	5368	2_1	2_4
4862	3889	2_1	2_4
3895	5357	2_1	2_4
3043	4612	2_1	2_4
4578	2213	2_1	2_4
5114	5039	2_1	2_4
4213	4421	2_1	2_4
5141	3245	2_1	2_4
5088	3718	2_1	2_4
4380	5094	2_1	2_4
5182	5342	2_1	2_4
4894	5242	2_1	2_4
5239	5237	2_1	2_4
4209	4714	2_1	2_4
5381	2933	2_1	2_4
5354	5218	2_1	2_4
4816	5052	2_1	2_4
5267	4462	2_1	2_4
5055	5307	2_1	2_4
5266	4934	2_1	2_5
5266	4745	2_1	2_5
3789	4434	2_1	2_5
3050	3342	2_1	2_5
3050	4667	2_1	2_5
5070	4519	2_1	2_5
5070	4913	2_1	2_5
5108	4916	2_1	2_5
5108	5077	2_1	2_5
5108	4154	2_1	2_5
5236	4697	2_1	2_5
5236	3925	2_1	2_5
4702	3541	2_1	2_5
4702	4455	2_1	2_5
3895	4515	2_1	2_5
4578	5149	2_1	2_5
4578	5068	2_1	2_5
4578	4653	2_1	2_5
5114	4907	2_1	2_5
5114	4889	2_1	2_5
5114	4945	2_1	2_5
4213	4622	2_1	2_5
4213	4722	2_1	2_5
5088	4998	2_1	2_5
5088	4231	2_1	2_5
4380	5161	2_1	2_5
5182	4281	2_1	2_5
5182	4755	2_1	2_5
3560	4348	2_1	2_5
4894	5046	2_1	2_5
4767	5050	2_2	2_3
3740	5013	2_2	2_3
5396	5365	2_2	2_3
4201	4544	2_2	2_3
4576	5308	2_2	2_3
4677	5313	2_2	2_3
5105	5079	2_2	2_3
5335	5331	2_2	2_3
5397	5286	2_2	2_3
5168	4833	2_2	2_3
5159	4699	2_2	2_3
4860	4023	2_2	2_3
4596	5137	2_2	2_3
5201	3784	2_2	2_3
5128	4212	2_2	2_3
5385	4654	2_2	2_3
4399	5352	2_2	2_3
5212	4534	2_2	2_3
5384	4796	2_2	2_3
5274	5139	2_2	2_3
4472	5273	2_2	2_3
4388	5024	2_2	2_3
4942	5082	2_2	2_3
5006	5250	2_2	2_3
5089	4419	2_2	2_3
3354	4742	2_2	2_3
4920	4659	2_2	2_3
4251	4988	2_2	2_3
4235	4929	2_2	2_3
5072	5405	2_2	2_3
4323	4659	2_2	2_3
5016	2487	2_2	2_3
4230	5198	2_2	2_3
3572	4280	2_2	2_3
5276	2504	2_2	2_3
2584	5061	2_2	2_3
5030	5177	2_2	2_3
4288	4703	2_2	2_3
4748	4548	2_2	2_3
4748	4630	2_2	2_3
4219	4855	2_2	2_3
5056	3755	2_2	2_3
5048	4061	2_2	2_3
2854	5204	2_2	2_3
5166	4253	2_2	2_3
4272	4195	2_2	2_3
4509	5364	2_2	2_3
5203	5322	2_2	2_3
4552	4762	2_2	2_3
4951	5174	2_2	2_3
4411	5132	2_2	2_3
4445	4493	2_2	2_3
4514	4461	2_2	2_3
4793	4718	2_2	2_3
3498	5347	2_2	2_3
5355	3391	2_2	2_3
4523	5395	2_2	2_3
4922	5246	2_2	2_3
4648	5279	2_2	2_3
4607	5215	2_2	2_3
5102	4868	2_2	2_3
4477	4426	2_2	2_3
5245	4049	2_2	2_3
4750	4239	2_2	2_3
5109	5316	2_2	2_3
5262	4574	2_2	2_3
4359	4731	2_2	2_3
4938	5231	2_2	2_3
5321	5265	2_2	2_3
3950	3875	2_2	2_3
3128	2560	2_2	2_3
4364	4961	2_2	2_3
4987	5129	2_2	2_3
4450	5399	2_2	2_3
4285	4790	2_2	2_3
4613	4314	2_2	2_3
4767	4779	2_2	2_4
3740	4060	2_2	2_4
5396	4033	2_2	2_4
4201	3380	2_2	2_4
5054	4696	2_2	2_4
5097	3609	2_2	2_4
4576	3618	2_2	2_4
4677	5401	2_2	2_4
5105	5226	2_2	2_4
5397	4807	2_2	2_4
4813	4696	2_2	2_4
5168	5084	2_2	2_4
4559	2829	2_2	2_4
5159	4561	2_2	2_4
4860	4090	2_2	2_4
4596	4864	2_2	2_4
5201	4126	2_2	2_4
5128	5361	2_2	2_4
5385	4794	2_2	2_4
4399	5019	2_2	2_4
5384	3746	2_2	2_4
5274	5059	2_2	2_4
5274	5324	2_2	2_4
4472	5190	2_2	2_4
5312	5213	2_2	2_4
4388	3421	2_2	2_4
4942	4304	2_2	2_4
5197	3617	2_2	2_4
5197	4405	2_2	2_4
5021	4440	2_2	2_4
5021	3353	2_2	2_4
3354	5151	2_2	2_4
5029	3617	2_2	2_4
5029	4405	2_2	2_4
4251	5318	2_2	2_4
4235	4496	2_2	2_4
5244	4663	2_2	2_4
5203	4720	2_2	2_4
4940	4711	2_2	2_4
4552	5040	2_2	2_4
4411	3999	2_2	2_4
4445	5368	2_2	2_4
4793	3889	2_2	2_4
3498	5357	2_2	2_4
5355	4612	2_2	2_4
4523	2213	2_2	2_4
4922	5039	2_2	2_4
4648	4421	2_2	2_4
4607	3245	2_2	2_4
5102	5094	2_2	2_4
4477	5342	2_2	2_4
4750	5164	2_2	2_4
5109	4264	2_2	2_4
5109	4996	2_2	2_4
5262	5237	2_2	2_4
4359	4714	2_2	2_4
4938	4741	2_2	2_4
5321	2933	2_2	2_4
3950	4189	2_2	2_4
3128	5218	2_2	2_4
4364	5052	2_2	2_4
4450	4462	2_2	2_4
4285	5307	2_2	2_4
4216	4131	2_2	2_4
4216	4850	2_2	2_4
5050	4779	2_3	2_4
5365	4033	2_3	2_4
5137	4864	2_3	2_4
5079	5226	2_3	2_4
4654	4794	2_3	2_4
5352	5019	2_3	2_4
5263	3752	2_3	2_4
4023	4090	2_3	2_4
5013	4060	2_3	2_4
4905	4947	2_3	2_4
3784	4126	2_3	2_4
4212	5361	2_3	2_4
3993	5051	2_3	2_4
5308	3618	2_3	2_4
5313	5401	2_3	2_4
5286	4807	2_3	2_4
4833	5084	2_3	2_4
4699	4561	2_3	2_4
4544	3380	2_3	2_4
5273	5190	2_3	2_4
4278	5167	2_3	2_4
4508	3970	2_3	2_4
4508	4849	2_3	2_4
5344	3766	2_3	2_4
5344	5176	2_3	2_4
4796	3746	2_3	2_4
5139	5059	2_3	2_4
5139	5324	2_3	2_4
4742	5151	2_3	2_4
5024	3421	2_3	2_4
5082	4304	2_3	2_4
4988	5318	2_3	2_4
4886	5349	2_3	2_4
4929	4496	2_3	2_4
5123	4837	2_3	2_4
4963	4679	2_3	2_4
4963	5008	2_3	2_4
5258	3129	2_3	2_4
5258	5025	2_3	2_4
4950	4545	2_3	2_4
2833	3564	2_3	2_4
2142	3771	2_3	2_4
3529	4798	2_3	2_4
4271	4924	2_3	2_4
4018	3773	2_3	2_4
4647	4893	2_3	2_4
3897	1294	2_3	2_4
4410	5071	2_3	2_4
5252	2291	2_3	2_4
5325	3597	2_3	2_4
4994	4817	2_3	2_4
5248	2956	2_3	2_4
5281	4946	2_3	2_4
5322	4720	2_3	2_4
4762	5040	2_3	2_4
5132	3999	2_3	2_4
4493	5368	2_3	2_4
4718	3889	2_3	2_4
5347	5357	2_3	2_4
3391	4612	2_3	2_4
5395	2213	2_3	2_4
5246	5039	2_3	2_4
5279	4421	2_3	2_4
5215	3245	2_3	2_4
5366	3718	2_3	2_4
4868	5094	2_3	2_4
4426	5342	2_3	2_4
4239	5164	2_3	2_4
5389	5242	2_3	2_4
5316	4264	2_3	2_4
5316	4996	2_3	2_4
4574	5237	2_3	2_4
4731	4714	2_3	2_4
5231	4741	2_3	2_4
5265	2933	2_3	2_4
3875	4189	2_3	2_4
2560	5218	2_3	2_4
4961	5052	2_3	2_4
5399	4462	2_3	2_4
4790	5307	2_3	2_4
5322	4434	2_3	2_5
4762	5187	2_3	2_5
5174	4519	2_3	2_5
5174	4913	2_3	2_5
5132	4916	2_3	2_5
5132	5077	2_3	2_5
5132	4154	2_3	2_5
4493	4697	2_3	2_5
4493	3925	2_3	2_5
4461	3541	2_3	2_5
4461	4455	2_3	2_5
5347	4515	2_3	2_5
5395	5149	2_3	2_5
5395	5068	2_3	2_5
5395	4653	2_3	2_5
5246	4907	2_3	2_5
5246	4889	2_3	2_5
5246	4945	2_3	2_5
5279	4622	2_3	2_5
5279	4722	2_3	2_5
5366	4998	2_3	2_5
5366	4231	2_3	2_5
4868	5161	2_3	2_5
4426	4281	2_3	2_5
4426	4755	2_3	2_5
4049	4348	2_3	2_5
4239	1942	2_3	2_5
5389	5046	2_3	2_5
4161	4217	2_4	2_5
4663	4934	2_4	2_5
4663	4745	2_4	2_5
4720	4434	2_4	2_5
4711	3342	2_4	2_5
4711	4667	2_4	2_5
5040	5187	2_4	2_5
3999	4916	2_4	2_5
3999	5077	2_4	2_5
3999	4154	2_4	2_5
5368	4697	2_4	2_5
5368	3925	2_4	2_5
5357	4515	2_4	2_5
2213	5149	2_4	2_5
2213	5068	2_4	2_5
2213	4653	2_4	2_5
5039	4907	2_4	2_5
5039	4889	2_4	2_5
5039	4945	2_4	2_5
4421	4622	2_4	2_5
4421	4722	2_4	2_5
3718	4998	2_4	2_5
3718	4231	2_4	2_5
5094	5161	2_4	2_5
5342	4281	2_4	2_5
5342	4755	2_4	2_5
5164	1942	2_4	2_5
5242	5046	2_4	2_5
